#Timing report of worst 32 path(s)
# Unit scale: 1e-09 seconds
# Output precision: 3

#Path 1
Startpoint: pulse.inpad[0] (.input clocked by clk)
Endpoint  : out[0].D[0] (.latch clocked by clk)
Path Type : hold

Point                                                                                                                             Incr      Path
------------------------------------------------------------------------------------------------------------------------------------------------
clock clk (rise edge)                                                                                                            0.000     0.000
clock source latency                                                                                                             0.000     0.000
input external delay                                                                                                             0.000     0.000
pulse.inpad[0] (.input)                                                                                                          0.000     0.000
$abc$449$add$/workspace/prga_physical/prga/examples/app/8bitadd/src/adder.v:17$260.CARRY[0].b[0] (m_adder)                       0.200     0.200
$abc$449$add$/workspace/prga_physical/prga/examples/app/8bitadd/src/adder.v:17$260.CARRY[0].s[0] (m_adder)                       0.100     0.300
out[0].D[0] (.latch)                                                                                                             0.000     0.300
data arrival time                                                                                                                          0.300

clock clk (rise edge)                                                                                                            0.000     0.000
clock source latency                                                                                                             0.000     0.000
clk.inpad[0] (.input)                                                                                                            0.000     0.000
out[0].clk[0] (.latch)                                                                                                           0.000     0.000
clock uncertainty                                                                                                                0.000     0.000
cell hold time                                                                                                                   0.100     0.100
data required time                                                                                                                         0.100
------------------------------------------------------------------------------------------------------------------------------------------------
data required time                                                                                                                        -0.100
data arrival time                                                                                                                          0.300
------------------------------------------------------------------------------------------------------------------------------------------------
slack (MET)                                                                                                                                0.200


#Path 2
Startpoint: pulse.inpad[0] (.input clocked by clk)
Endpoint  : out[1].D[0] (.latch clocked by clk)
Path Type : hold

Point                                                                                                                                Incr      Path
---------------------------------------------------------------------------------------------------------------------------------------------------
clock clk (rise edge)                                                                                                               0.000     0.000
clock source latency                                                                                                                0.000     0.000
input external delay                                                                                                                0.000     0.000
pulse.inpad[0] (.input)                                                                                                             0.000     0.000
$abc$449$add$/workspace/prga_physical/prga/examples/app/8bitadd/src/adder.v:17$260.CARRY[0].b[0] (m_adder)                          0.200     0.200
$abc$449$add$/workspace/prga_physical/prga/examples/app/8bitadd/src/adder.v:17$260.CARRY[0].cout[0] (m_adder)                       0.100     0.300
$abc$449$add$/workspace/prga_physical/prga/examples/app/8bitadd/src/adder.v:17$260.CARRY[1].cin[0] (m_adder)                        0.000     0.300
$abc$449$add$/workspace/prga_physical/prga/examples/app/8bitadd/src/adder.v:17$260.CARRY[1].s[0] (m_adder)                          0.100     0.400
out[1].D[0] (.latch)                                                                                                                0.000     0.400
data arrival time                                                                                                                             0.400

clock clk (rise edge)                                                                                                               0.000     0.000
clock source latency                                                                                                                0.000     0.000
clk.inpad[0] (.input)                                                                                                               0.000     0.000
out[1].clk[0] (.latch)                                                                                                              0.000     0.000
clock uncertainty                                                                                                                   0.000     0.000
cell hold time                                                                                                                      0.100     0.100
data required time                                                                                                                            0.100
---------------------------------------------------------------------------------------------------------------------------------------------------
data required time                                                                                                                           -0.100
data arrival time                                                                                                                             0.400
---------------------------------------------------------------------------------------------------------------------------------------------------
slack (MET)                                                                                                                                   0.300


#Path 3
Startpoint: out[1].Q[0] (.latch clocked by clk)
Endpoint  : out:out[1].outpad[0] (.output clocked by clk)
Path Type : hold

Point                                                             Incr      Path
--------------------------------------------------------------------------------
clock clk (rise edge)                                            0.000     0.000
clock source latency                                             0.000     0.000
clk.inpad[0] (.input)                                            0.000     0.000
out[1].clk[0] (.latch)                                           0.000     0.000
out[1].Q[0] (.latch) [clock-to-output]                           0.100     0.100
out:out[1].outpad[0] (.output)                                   0.400     0.500
data arrival time                                                          0.500

clock clk (rise edge)                                            0.000     0.000
clock source latency                                             0.000     0.000
clock uncertainty                                                0.000     0.000
output external delay                                            0.000     0.000
data required time                                                         0.000
--------------------------------------------------------------------------------
data required time                                                        -0.000
data arrival time                                                          0.500
--------------------------------------------------------------------------------
slack (MET)                                                                0.500


#Path 4
Startpoint: pulse.inpad[0] (.input clocked by clk)
Endpoint  : out[2].D[0] (.latch clocked by clk)
Path Type : hold

Point                                                                                                                                Incr      Path
---------------------------------------------------------------------------------------------------------------------------------------------------
clock clk (rise edge)                                                                                                               0.000     0.000
clock source latency                                                                                                                0.000     0.000
input external delay                                                                                                                0.000     0.000
pulse.inpad[0] (.input)                                                                                                             0.000     0.000
$abc$449$add$/workspace/prga_physical/prga/examples/app/8bitadd/src/adder.v:17$260.CARRY[0].b[0] (m_adder)                          0.200     0.200
$abc$449$add$/workspace/prga_physical/prga/examples/app/8bitadd/src/adder.v:17$260.CARRY[0].cout[0] (m_adder)                       0.100     0.300
$abc$449$add$/workspace/prga_physical/prga/examples/app/8bitadd/src/adder.v:17$260.CARRY[1].cin[0] (m_adder)                        0.000     0.300
$abc$449$add$/workspace/prga_physical/prga/examples/app/8bitadd/src/adder.v:17$260.CARRY[1].cout[0] (m_adder)                       0.100     0.400
$abc$449$add$/workspace/prga_physical/prga/examples/app/8bitadd/src/adder.v:17$260.CARRY[2].cin[0] (m_adder)                        0.100     0.500
$abc$449$add$/workspace/prga_physical/prga/examples/app/8bitadd/src/adder.v:17$260.CARRY[2].s[0] (m_adder)                          0.100     0.600
out[2].D[0] (.latch)                                                                                                                0.000     0.600
data arrival time                                                                                                                             0.600

clock clk (rise edge)                                                                                                               0.000     0.000
clock source latency                                                                                                                0.000     0.000
clk.inpad[0] (.input)                                                                                                               0.000     0.000
out[2].clk[0] (.latch)                                                                                                              0.000     0.000
clock uncertainty                                                                                                                   0.000     0.000
cell hold time                                                                                                                      0.100     0.100
data required time                                                                                                                            0.100
---------------------------------------------------------------------------------------------------------------------------------------------------
data required time                                                                                                                           -0.100
data arrival time                                                                                                                             0.600
---------------------------------------------------------------------------------------------------------------------------------------------------
slack (MET)                                                                                                                                   0.500


#Path 5
Startpoint: out[15].Q[0] (.latch clocked by clk)
Endpoint  : out:out[15].outpad[0] (.output clocked by clk)
Path Type : hold

Point                                                             Incr      Path
--------------------------------------------------------------------------------
clock clk (rise edge)                                            0.000     0.000
clock source latency                                             0.000     0.000
clk.inpad[0] (.input)                                            0.000     0.000
out[15].clk[0] (.latch)                                          0.000     0.000
out[15].Q[0] (.latch) [clock-to-output]                          0.100     0.100
out:out[15].outpad[0] (.output)                                  0.400     0.500
data arrival time                                                          0.500

clock clk (rise edge)                                            0.000     0.000
clock source latency                                             0.000     0.000
clock uncertainty                                                0.000     0.000
output external delay                                            0.000     0.000
data required time                                                         0.000
--------------------------------------------------------------------------------
data required time                                                        -0.000
data arrival time                                                          0.500
--------------------------------------------------------------------------------
slack (MET)                                                                0.500


#Path 6
Startpoint: out[14].Q[0] (.latch clocked by clk)
Endpoint  : out:out[14].outpad[0] (.output clocked by clk)
Path Type : hold

Point                                                             Incr      Path
--------------------------------------------------------------------------------
clock clk (rise edge)                                            0.000     0.000
clock source latency                                             0.000     0.000
clk.inpad[0] (.input)                                            0.000     0.000
out[14].clk[0] (.latch)                                          0.000     0.000
out[14].Q[0] (.latch) [clock-to-output]                          0.100     0.100
out:out[14].outpad[0] (.output)                                  0.400     0.500
data arrival time                                                          0.500

clock clk (rise edge)                                            0.000     0.000
clock source latency                                             0.000     0.000
clock uncertainty                                                0.000     0.000
output external delay                                            0.000     0.000
data required time                                                         0.000
--------------------------------------------------------------------------------
data required time                                                        -0.000
data arrival time                                                          0.500
--------------------------------------------------------------------------------
slack (MET)                                                                0.500


#Path 7
Startpoint: out[13].Q[0] (.latch clocked by clk)
Endpoint  : out:out[13].outpad[0] (.output clocked by clk)
Path Type : hold

Point                                                             Incr      Path
--------------------------------------------------------------------------------
clock clk (rise edge)                                            0.000     0.000
clock source latency                                             0.000     0.000
clk.inpad[0] (.input)                                            0.000     0.000
out[13].clk[0] (.latch)                                          0.000     0.000
out[13].Q[0] (.latch) [clock-to-output]                          0.100     0.100
out:out[13].outpad[0] (.output)                                  0.400     0.500
data arrival time                                                          0.500

clock clk (rise edge)                                            0.000     0.000
clock source latency                                             0.000     0.000
clock uncertainty                                                0.000     0.000
output external delay                                            0.000     0.000
data required time                                                         0.000
--------------------------------------------------------------------------------
data required time                                                        -0.000
data arrival time                                                          0.500
--------------------------------------------------------------------------------
slack (MET)                                                                0.500


#Path 8
Startpoint: out[12].Q[0] (.latch clocked by clk)
Endpoint  : out:out[12].outpad[0] (.output clocked by clk)
Path Type : hold

Point                                                             Incr      Path
--------------------------------------------------------------------------------
clock clk (rise edge)                                            0.000     0.000
clock source latency                                             0.000     0.000
clk.inpad[0] (.input)                                            0.000     0.000
out[12].clk[0] (.latch)                                          0.000     0.000
out[12].Q[0] (.latch) [clock-to-output]                          0.100     0.100
out:out[12].outpad[0] (.output)                                  0.400     0.500
data arrival time                                                          0.500

clock clk (rise edge)                                            0.000     0.000
clock source latency                                             0.000     0.000
clock uncertainty                                                0.000     0.000
output external delay                                            0.000     0.000
data required time                                                         0.000
--------------------------------------------------------------------------------
data required time                                                        -0.000
data arrival time                                                          0.500
--------------------------------------------------------------------------------
slack (MET)                                                                0.500


#Path 9
Startpoint: out[11].Q[0] (.latch clocked by clk)
Endpoint  : out:out[11].outpad[0] (.output clocked by clk)
Path Type : hold

Point                                                             Incr      Path
--------------------------------------------------------------------------------
clock clk (rise edge)                                            0.000     0.000
clock source latency                                             0.000     0.000
clk.inpad[0] (.input)                                            0.000     0.000
out[11].clk[0] (.latch)                                          0.000     0.000
out[11].Q[0] (.latch) [clock-to-output]                          0.100     0.100
out:out[11].outpad[0] (.output)                                  0.400     0.500
data arrival time                                                          0.500

clock clk (rise edge)                                            0.000     0.000
clock source latency                                             0.000     0.000
clock uncertainty                                                0.000     0.000
output external delay                                            0.000     0.000
data required time                                                         0.000
--------------------------------------------------------------------------------
data required time                                                        -0.000
data arrival time                                                          0.500
--------------------------------------------------------------------------------
slack (MET)                                                                0.500


#Path 10
Startpoint: out[10].Q[0] (.latch clocked by clk)
Endpoint  : out:out[10].outpad[0] (.output clocked by clk)
Path Type : hold

Point                                                             Incr      Path
--------------------------------------------------------------------------------
clock clk (rise edge)                                            0.000     0.000
clock source latency                                             0.000     0.000
clk.inpad[0] (.input)                                            0.000     0.000
out[10].clk[0] (.latch)                                          0.000     0.000
out[10].Q[0] (.latch) [clock-to-output]                          0.100     0.100
out:out[10].outpad[0] (.output)                                  0.400     0.500
data arrival time                                                          0.500

clock clk (rise edge)                                            0.000     0.000
clock source latency                                             0.000     0.000
clock uncertainty                                                0.000     0.000
output external delay                                            0.000     0.000
data required time                                                         0.000
--------------------------------------------------------------------------------
data required time                                                        -0.000
data arrival time                                                          0.500
--------------------------------------------------------------------------------
slack (MET)                                                                0.500


#Path 11
Startpoint: out[8].Q[0] (.latch clocked by clk)
Endpoint  : out:out[8].outpad[0] (.output clocked by clk)
Path Type : hold

Point                                                             Incr      Path
--------------------------------------------------------------------------------
clock clk (rise edge)                                            0.000     0.000
clock source latency                                             0.000     0.000
clk.inpad[0] (.input)                                            0.000     0.000
out[8].clk[0] (.latch)                                           0.000     0.000
out[8].Q[0] (.latch) [clock-to-output]                           0.100     0.100
out:out[8].outpad[0] (.output)                                   0.400     0.500
data arrival time                                                          0.500

clock clk (rise edge)                                            0.000     0.000
clock source latency                                             0.000     0.000
clock uncertainty                                                0.000     0.000
output external delay                                            0.000     0.000
data required time                                                         0.000
--------------------------------------------------------------------------------
data required time                                                        -0.000
data arrival time                                                          0.500
--------------------------------------------------------------------------------
slack (MET)                                                                0.500


#Path 12
Startpoint: out[7].Q[0] (.latch clocked by clk)
Endpoint  : out:out[7].outpad[0] (.output clocked by clk)
Path Type : hold

Point                                                             Incr      Path
--------------------------------------------------------------------------------
clock clk (rise edge)                                            0.000     0.000
clock source latency                                             0.000     0.000
clk.inpad[0] (.input)                                            0.000     0.000
out[7].clk[0] (.latch)                                           0.000     0.000
out[7].Q[0] (.latch) [clock-to-output]                           0.100     0.100
out:out[7].outpad[0] (.output)                                   0.400     0.500
data arrival time                                                          0.500

clock clk (rise edge)                                            0.000     0.000
clock source latency                                             0.000     0.000
clock uncertainty                                                0.000     0.000
output external delay                                            0.000     0.000
data required time                                                         0.000
--------------------------------------------------------------------------------
data required time                                                        -0.000
data arrival time                                                          0.500
--------------------------------------------------------------------------------
slack (MET)                                                                0.500


#Path 13
Startpoint: out[6].Q[0] (.latch clocked by clk)
Endpoint  : out:out[6].outpad[0] (.output clocked by clk)
Path Type : hold

Point                                                             Incr      Path
--------------------------------------------------------------------------------
clock clk (rise edge)                                            0.000     0.000
clock source latency                                             0.000     0.000
clk.inpad[0] (.input)                                            0.000     0.000
out[6].clk[0] (.latch)                                           0.000     0.000
out[6].Q[0] (.latch) [clock-to-output]                           0.100     0.100
out:out[6].outpad[0] (.output)                                   0.400     0.500
data arrival time                                                          0.500

clock clk (rise edge)                                            0.000     0.000
clock source latency                                             0.000     0.000
clock uncertainty                                                0.000     0.000
output external delay                                            0.000     0.000
data required time                                                         0.000
--------------------------------------------------------------------------------
data required time                                                        -0.000
data arrival time                                                          0.500
--------------------------------------------------------------------------------
slack (MET)                                                                0.500


#Path 14
Startpoint: out[5].Q[0] (.latch clocked by clk)
Endpoint  : out:out[5].outpad[0] (.output clocked by clk)
Path Type : hold

Point                                                             Incr      Path
--------------------------------------------------------------------------------
clock clk (rise edge)                                            0.000     0.000
clock source latency                                             0.000     0.000
clk.inpad[0] (.input)                                            0.000     0.000
out[5].clk[0] (.latch)                                           0.000     0.000
out[5].Q[0] (.latch) [clock-to-output]                           0.100     0.100
out:out[5].outpad[0] (.output)                                   0.400     0.500
data arrival time                                                          0.500

clock clk (rise edge)                                            0.000     0.000
clock source latency                                             0.000     0.000
clock uncertainty                                                0.000     0.000
output external delay                                            0.000     0.000
data required time                                                         0.000
--------------------------------------------------------------------------------
data required time                                                        -0.000
data arrival time                                                          0.500
--------------------------------------------------------------------------------
slack (MET)                                                                0.500


#Path 15
Startpoint: out[4].Q[0] (.latch clocked by clk)
Endpoint  : out:out[4].outpad[0] (.output clocked by clk)
Path Type : hold

Point                                                             Incr      Path
--------------------------------------------------------------------------------
clock clk (rise edge)                                            0.000     0.000
clock source latency                                             0.000     0.000
clk.inpad[0] (.input)                                            0.000     0.000
out[4].clk[0] (.latch)                                           0.000     0.000
out[4].Q[0] (.latch) [clock-to-output]                           0.100     0.100
out:out[4].outpad[0] (.output)                                   0.400     0.500
data arrival time                                                          0.500

clock clk (rise edge)                                            0.000     0.000
clock source latency                                             0.000     0.000
clock uncertainty                                                0.000     0.000
output external delay                                            0.000     0.000
data required time                                                         0.000
--------------------------------------------------------------------------------
data required time                                                        -0.000
data arrival time                                                          0.500
--------------------------------------------------------------------------------
slack (MET)                                                                0.500


#Path 16
Startpoint: out[3].Q[0] (.latch clocked by clk)
Endpoint  : out:out[3].outpad[0] (.output clocked by clk)
Path Type : hold

Point                                                             Incr      Path
--------------------------------------------------------------------------------
clock clk (rise edge)                                            0.000     0.000
clock source latency                                             0.000     0.000
clk.inpad[0] (.input)                                            0.000     0.000
out[3].clk[0] (.latch)                                           0.000     0.000
out[3].Q[0] (.latch) [clock-to-output]                           0.100     0.100
out:out[3].outpad[0] (.output)                                   0.400     0.500
data arrival time                                                          0.500

clock clk (rise edge)                                            0.000     0.000
clock source latency                                             0.000     0.000
clock uncertainty                                                0.000     0.000
output external delay                                            0.000     0.000
data required time                                                         0.000
--------------------------------------------------------------------------------
data required time                                                        -0.000
data arrival time                                                          0.500
--------------------------------------------------------------------------------
slack (MET)                                                                0.500


#Path 17
Startpoint: out[2].Q[0] (.latch clocked by clk)
Endpoint  : out:out[2].outpad[0] (.output clocked by clk)
Path Type : hold

Point                                                             Incr      Path
--------------------------------------------------------------------------------
clock clk (rise edge)                                            0.000     0.000
clock source latency                                             0.000     0.000
clk.inpad[0] (.input)                                            0.000     0.000
out[2].clk[0] (.latch)                                           0.000     0.000
out[2].Q[0] (.latch) [clock-to-output]                           0.100     0.100
out:out[2].outpad[0] (.output)                                   0.400     0.500
data arrival time                                                          0.500

clock clk (rise edge)                                            0.000     0.000
clock source latency                                             0.000     0.000
clock uncertainty                                                0.000     0.000
output external delay                                            0.000     0.000
data required time                                                         0.000
--------------------------------------------------------------------------------
data required time                                                        -0.000
data arrival time                                                          0.500
--------------------------------------------------------------------------------
slack (MET)                                                                0.500


#Path 18
Startpoint: out[0].Q[0] (.latch clocked by clk)
Endpoint  : out:out[0].outpad[0] (.output clocked by clk)
Path Type : hold

Point                                                             Incr      Path
--------------------------------------------------------------------------------
clock clk (rise edge)                                            0.000     0.000
clock source latency                                             0.000     0.000
clk.inpad[0] (.input)                                            0.000     0.000
out[0].clk[0] (.latch)                                           0.000     0.000
out[0].Q[0] (.latch) [clock-to-output]                           0.100     0.100
out:out[0].outpad[0] (.output)                                   0.400     0.500
data arrival time                                                          0.500

clock clk (rise edge)                                            0.000     0.000
clock source latency                                             0.000     0.000
clock uncertainty                                                0.000     0.000
output external delay                                            0.000     0.000
data required time                                                         0.000
--------------------------------------------------------------------------------
data required time                                                        -0.000
data arrival time                                                          0.500
--------------------------------------------------------------------------------
slack (MET)                                                                0.500


#Path 19
Startpoint: out[9].Q[0] (.latch clocked by clk)
Endpoint  : out:out[9].outpad[0] (.output clocked by clk)
Path Type : hold

Point                                                             Incr      Path
--------------------------------------------------------------------------------
clock clk (rise edge)                                            0.000     0.000
clock source latency                                             0.000     0.000
clk.inpad[0] (.input)                                            0.000     0.000
out[9].clk[0] (.latch)                                           0.000     0.000
out[9].Q[0] (.latch) [clock-to-output]                           0.100     0.100
out:out[9].outpad[0] (.output)                                   0.400     0.500
data arrival time                                                          0.500

clock clk (rise edge)                                            0.000     0.000
clock source latency                                             0.000     0.000
clock uncertainty                                                0.000     0.000
output external delay                                            0.000     0.000
data required time                                                         0.000
--------------------------------------------------------------------------------
data required time                                                        -0.000
data arrival time                                                          0.500
--------------------------------------------------------------------------------
slack (MET)                                                                0.500


#Path 20
Startpoint: pulse.inpad[0] (.input clocked by clk)
Endpoint  : out[3].D[0] (.latch clocked by clk)
Path Type : hold

Point                                                                                                                                Incr      Path
---------------------------------------------------------------------------------------------------------------------------------------------------
clock clk (rise edge)                                                                                                               0.000     0.000
clock source latency                                                                                                                0.000     0.000
input external delay                                                                                                                0.000     0.000
pulse.inpad[0] (.input)                                                                                                             0.000     0.000
$abc$449$add$/workspace/prga_physical/prga/examples/app/8bitadd/src/adder.v:17$260.CARRY[0].b[0] (m_adder)                          0.200     0.200
$abc$449$add$/workspace/prga_physical/prga/examples/app/8bitadd/src/adder.v:17$260.CARRY[0].cout[0] (m_adder)                       0.100     0.300
$abc$449$add$/workspace/prga_physical/prga/examples/app/8bitadd/src/adder.v:17$260.CARRY[1].cin[0] (m_adder)                        0.000     0.300
$abc$449$add$/workspace/prga_physical/prga/examples/app/8bitadd/src/adder.v:17$260.CARRY[1].cout[0] (m_adder)                       0.100     0.400
$abc$449$add$/workspace/prga_physical/prga/examples/app/8bitadd/src/adder.v:17$260.CARRY[2].cin[0] (m_adder)                        0.100     0.500
$abc$449$add$/workspace/prga_physical/prga/examples/app/8bitadd/src/adder.v:17$260.CARRY[2].cout[0] (m_adder)                       0.100     0.600
$abc$449$add$/workspace/prga_physical/prga/examples/app/8bitadd/src/adder.v:17$260.CARRY[3].cin[0] (m_adder)                        0.000     0.600
$abc$449$add$/workspace/prga_physical/prga/examples/app/8bitadd/src/adder.v:17$260.CARRY[3].s[0] (m_adder)                          0.100     0.700
out[3].D[0] (.latch)                                                                                                                0.000     0.700
data arrival time                                                                                                                             0.700

clock clk (rise edge)                                                                                                               0.000     0.000
clock source latency                                                                                                                0.000     0.000
clk.inpad[0] (.input)                                                                                                               0.000     0.000
out[3].clk[0] (.latch)                                                                                                              0.000     0.000
clock uncertainty                                                                                                                   0.000     0.000
cell hold time                                                                                                                      0.100     0.100
data required time                                                                                                                            0.100
---------------------------------------------------------------------------------------------------------------------------------------------------
data required time                                                                                                                           -0.100
data arrival time                                                                                                                             0.700
---------------------------------------------------------------------------------------------------------------------------------------------------
slack (MET)                                                                                                                                   0.600


#Path 21
Startpoint: pulse.inpad[0] (.input clocked by clk)
Endpoint  : out[4].D[0] (.latch clocked by clk)
Path Type : hold

Point                                                                                                                                Incr      Path
---------------------------------------------------------------------------------------------------------------------------------------------------
clock clk (rise edge)                                                                                                               0.000     0.000
clock source latency                                                                                                                0.000     0.000
input external delay                                                                                                                0.000     0.000
pulse.inpad[0] (.input)                                                                                                             0.000     0.000
$abc$449$add$/workspace/prga_physical/prga/examples/app/8bitadd/src/adder.v:17$260.CARRY[0].b[0] (m_adder)                          0.200     0.200
$abc$449$add$/workspace/prga_physical/prga/examples/app/8bitadd/src/adder.v:17$260.CARRY[0].cout[0] (m_adder)                       0.100     0.300
$abc$449$add$/workspace/prga_physical/prga/examples/app/8bitadd/src/adder.v:17$260.CARRY[1].cin[0] (m_adder)                        0.000     0.300
$abc$449$add$/workspace/prga_physical/prga/examples/app/8bitadd/src/adder.v:17$260.CARRY[1].cout[0] (m_adder)                       0.100     0.400
$abc$449$add$/workspace/prga_physical/prga/examples/app/8bitadd/src/adder.v:17$260.CARRY[2].cin[0] (m_adder)                        0.100     0.500
$abc$449$add$/workspace/prga_physical/prga/examples/app/8bitadd/src/adder.v:17$260.CARRY[2].cout[0] (m_adder)                       0.100     0.600
$abc$449$add$/workspace/prga_physical/prga/examples/app/8bitadd/src/adder.v:17$260.CARRY[3].cin[0] (m_adder)                        0.000     0.600
$abc$449$add$/workspace/prga_physical/prga/examples/app/8bitadd/src/adder.v:17$260.CARRY[3].cout[0] (m_adder)                       0.100     0.700
$abc$449$add$/workspace/prga_physical/prga/examples/app/8bitadd/src/adder.v:17$260.CARRY[4].cin[0] (m_adder)                        0.100     0.800
$abc$449$add$/workspace/prga_physical/prga/examples/app/8bitadd/src/adder.v:17$260.CARRY[4].s[0] (m_adder)                          0.100     0.900
out[4].D[0] (.latch)                                                                                                                0.000     0.900
data arrival time                                                                                                                             0.900

clock clk (rise edge)                                                                                                               0.000     0.000
clock source latency                                                                                                                0.000     0.000
clk.inpad[0] (.input)                                                                                                               0.000     0.000
out[4].clk[0] (.latch)                                                                                                              0.000     0.000
clock uncertainty                                                                                                                   0.000     0.000
cell hold time                                                                                                                      0.100     0.100
data required time                                                                                                                            0.100
---------------------------------------------------------------------------------------------------------------------------------------------------
data required time                                                                                                                           -0.100
data arrival time                                                                                                                             0.900
---------------------------------------------------------------------------------------------------------------------------------------------------
slack (MET)                                                                                                                                   0.800


#Path 22
Startpoint: pulse.inpad[0] (.input clocked by clk)
Endpoint  : out[5].D[0] (.latch clocked by clk)
Path Type : hold

Point                                                                                                                                Incr      Path
---------------------------------------------------------------------------------------------------------------------------------------------------
clock clk (rise edge)                                                                                                               0.000     0.000
clock source latency                                                                                                                0.000     0.000
input external delay                                                                                                                0.000     0.000
pulse.inpad[0] (.input)                                                                                                             0.000     0.000
$abc$449$add$/workspace/prga_physical/prga/examples/app/8bitadd/src/adder.v:17$260.CARRY[0].b[0] (m_adder)                          0.200     0.200
$abc$449$add$/workspace/prga_physical/prga/examples/app/8bitadd/src/adder.v:17$260.CARRY[0].cout[0] (m_adder)                       0.100     0.300
$abc$449$add$/workspace/prga_physical/prga/examples/app/8bitadd/src/adder.v:17$260.CARRY[1].cin[0] (m_adder)                        0.000     0.300
$abc$449$add$/workspace/prga_physical/prga/examples/app/8bitadd/src/adder.v:17$260.CARRY[1].cout[0] (m_adder)                       0.100     0.400
$abc$449$add$/workspace/prga_physical/prga/examples/app/8bitadd/src/adder.v:17$260.CARRY[2].cin[0] (m_adder)                        0.100     0.500
$abc$449$add$/workspace/prga_physical/prga/examples/app/8bitadd/src/adder.v:17$260.CARRY[2].cout[0] (m_adder)                       0.100     0.600
$abc$449$add$/workspace/prga_physical/prga/examples/app/8bitadd/src/adder.v:17$260.CARRY[3].cin[0] (m_adder)                        0.000     0.600
$abc$449$add$/workspace/prga_physical/prga/examples/app/8bitadd/src/adder.v:17$260.CARRY[3].cout[0] (m_adder)                       0.100     0.700
$abc$449$add$/workspace/prga_physical/prga/examples/app/8bitadd/src/adder.v:17$260.CARRY[4].cin[0] (m_adder)                        0.100     0.800
$abc$449$add$/workspace/prga_physical/prga/examples/app/8bitadd/src/adder.v:17$260.CARRY[4].cout[0] (m_adder)                       0.100     0.900
$abc$449$add$/workspace/prga_physical/prga/examples/app/8bitadd/src/adder.v:17$260.CARRY[5].cin[0] (m_adder)                        0.000     0.900
$abc$449$add$/workspace/prga_physical/prga/examples/app/8bitadd/src/adder.v:17$260.CARRY[5].s[0] (m_adder)                          0.100     1.000
out[5].D[0] (.latch)                                                                                                                0.000     1.000
data arrival time                                                                                                                             1.000

clock clk (rise edge)                                                                                                               0.000     0.000
clock source latency                                                                                                                0.000     0.000
clk.inpad[0] (.input)                                                                                                               0.000     0.000
out[5].clk[0] (.latch)                                                                                                              0.000     0.000
clock uncertainty                                                                                                                   0.000     0.000
cell hold time                                                                                                                      0.100     0.100
data required time                                                                                                                            0.100
---------------------------------------------------------------------------------------------------------------------------------------------------
data required time                                                                                                                           -0.100
data arrival time                                                                                                                             1.000
---------------------------------------------------------------------------------------------------------------------------------------------------
slack (MET)                                                                                                                                   0.900


#Path 23
Startpoint: pulse.inpad[0] (.input clocked by clk)
Endpoint  : out[6].D[0] (.latch clocked by clk)
Path Type : hold

Point                                                                                                                                Incr      Path
---------------------------------------------------------------------------------------------------------------------------------------------------
clock clk (rise edge)                                                                                                               0.000     0.000
clock source latency                                                                                                                0.000     0.000
input external delay                                                                                                                0.000     0.000
pulse.inpad[0] (.input)                                                                                                             0.000     0.000
$abc$449$add$/workspace/prga_physical/prga/examples/app/8bitadd/src/adder.v:17$260.CARRY[0].b[0] (m_adder)                          0.200     0.200
$abc$449$add$/workspace/prga_physical/prga/examples/app/8bitadd/src/adder.v:17$260.CARRY[0].cout[0] (m_adder)                       0.100     0.300
$abc$449$add$/workspace/prga_physical/prga/examples/app/8bitadd/src/adder.v:17$260.CARRY[1].cin[0] (m_adder)                        0.000     0.300
$abc$449$add$/workspace/prga_physical/prga/examples/app/8bitadd/src/adder.v:17$260.CARRY[1].cout[0] (m_adder)                       0.100     0.400
$abc$449$add$/workspace/prga_physical/prga/examples/app/8bitadd/src/adder.v:17$260.CARRY[2].cin[0] (m_adder)                        0.100     0.500
$abc$449$add$/workspace/prga_physical/prga/examples/app/8bitadd/src/adder.v:17$260.CARRY[2].cout[0] (m_adder)                       0.100     0.600
$abc$449$add$/workspace/prga_physical/prga/examples/app/8bitadd/src/adder.v:17$260.CARRY[3].cin[0] (m_adder)                        0.000     0.600
$abc$449$add$/workspace/prga_physical/prga/examples/app/8bitadd/src/adder.v:17$260.CARRY[3].cout[0] (m_adder)                       0.100     0.700
$abc$449$add$/workspace/prga_physical/prga/examples/app/8bitadd/src/adder.v:17$260.CARRY[4].cin[0] (m_adder)                        0.100     0.800
$abc$449$add$/workspace/prga_physical/prga/examples/app/8bitadd/src/adder.v:17$260.CARRY[4].cout[0] (m_adder)                       0.100     0.900
$abc$449$add$/workspace/prga_physical/prga/examples/app/8bitadd/src/adder.v:17$260.CARRY[5].cin[0] (m_adder)                        0.000     0.900
$abc$449$add$/workspace/prga_physical/prga/examples/app/8bitadd/src/adder.v:17$260.CARRY[5].cout[0] (m_adder)                       0.100     1.000
$abc$449$add$/workspace/prga_physical/prga/examples/app/8bitadd/src/adder.v:17$260.CARRY[6].cin[0] (m_adder)                        0.100     1.100
$abc$449$add$/workspace/prga_physical/prga/examples/app/8bitadd/src/adder.v:17$260.CARRY[6].s[0] (m_adder)                          0.100     1.200
out[6].D[0] (.latch)                                                                                                                0.000     1.200
data arrival time                                                                                                                             1.200

clock clk (rise edge)                                                                                                               0.000     0.000
clock source latency                                                                                                                0.000     0.000
clk.inpad[0] (.input)                                                                                                               0.000     0.000
out[6].clk[0] (.latch)                                                                                                              0.000     0.000
clock uncertainty                                                                                                                   0.000     0.000
cell hold time                                                                                                                      0.100     0.100
data required time                                                                                                                            0.100
---------------------------------------------------------------------------------------------------------------------------------------------------
data required time                                                                                                                           -0.100
data arrival time                                                                                                                             1.200
---------------------------------------------------------------------------------------------------------------------------------------------------
slack (MET)                                                                                                                                   1.100


#Path 24
Startpoint: pulse.inpad[0] (.input clocked by clk)
Endpoint  : out[7].D[0] (.latch clocked by clk)
Path Type : hold

Point                                                                                                                                Incr      Path
---------------------------------------------------------------------------------------------------------------------------------------------------
clock clk (rise edge)                                                                                                               0.000     0.000
clock source latency                                                                                                                0.000     0.000
input external delay                                                                                                                0.000     0.000
pulse.inpad[0] (.input)                                                                                                             0.000     0.000
$abc$449$add$/workspace/prga_physical/prga/examples/app/8bitadd/src/adder.v:17$260.CARRY[0].b[0] (m_adder)                          0.200     0.200
$abc$449$add$/workspace/prga_physical/prga/examples/app/8bitadd/src/adder.v:17$260.CARRY[0].cout[0] (m_adder)                       0.100     0.300
$abc$449$add$/workspace/prga_physical/prga/examples/app/8bitadd/src/adder.v:17$260.CARRY[1].cin[0] (m_adder)                        0.000     0.300
$abc$449$add$/workspace/prga_physical/prga/examples/app/8bitadd/src/adder.v:17$260.CARRY[1].cout[0] (m_adder)                       0.100     0.400
$abc$449$add$/workspace/prga_physical/prga/examples/app/8bitadd/src/adder.v:17$260.CARRY[2].cin[0] (m_adder)                        0.100     0.500
$abc$449$add$/workspace/prga_physical/prga/examples/app/8bitadd/src/adder.v:17$260.CARRY[2].cout[0] (m_adder)                       0.100     0.600
$abc$449$add$/workspace/prga_physical/prga/examples/app/8bitadd/src/adder.v:17$260.CARRY[3].cin[0] (m_adder)                        0.000     0.600
$abc$449$add$/workspace/prga_physical/prga/examples/app/8bitadd/src/adder.v:17$260.CARRY[3].cout[0] (m_adder)                       0.100     0.700
$abc$449$add$/workspace/prga_physical/prga/examples/app/8bitadd/src/adder.v:17$260.CARRY[4].cin[0] (m_adder)                        0.100     0.800
$abc$449$add$/workspace/prga_physical/prga/examples/app/8bitadd/src/adder.v:17$260.CARRY[4].cout[0] (m_adder)                       0.100     0.900
$abc$449$add$/workspace/prga_physical/prga/examples/app/8bitadd/src/adder.v:17$260.CARRY[5].cin[0] (m_adder)                        0.000     0.900
$abc$449$add$/workspace/prga_physical/prga/examples/app/8bitadd/src/adder.v:17$260.CARRY[5].cout[0] (m_adder)                       0.100     1.000
$abc$449$add$/workspace/prga_physical/prga/examples/app/8bitadd/src/adder.v:17$260.CARRY[6].cin[0] (m_adder)                        0.100     1.100
$abc$449$add$/workspace/prga_physical/prga/examples/app/8bitadd/src/adder.v:17$260.CARRY[6].cout[0] (m_adder)                       0.100     1.200
$abc$449$add$/workspace/prga_physical/prga/examples/app/8bitadd/src/adder.v:17$260.CARRY[7].cin[0] (m_adder)                        0.000     1.200
$abc$449$add$/workspace/prga_physical/prga/examples/app/8bitadd/src/adder.v:17$260.CARRY[7].s[0] (m_adder)                          0.100     1.300
out[7].D[0] (.latch)                                                                                                                0.000     1.300
data arrival time                                                                                                                             1.300

clock clk (rise edge)                                                                                                               0.000     0.000
clock source latency                                                                                                                0.000     0.000
clk.inpad[0] (.input)                                                                                                               0.000     0.000
out[7].clk[0] (.latch)                                                                                                              0.000     0.000
clock uncertainty                                                                                                                   0.000     0.000
cell hold time                                                                                                                      0.100     0.100
data required time                                                                                                                            0.100
---------------------------------------------------------------------------------------------------------------------------------------------------
data required time                                                                                                                           -0.100
data arrival time                                                                                                                             1.300
---------------------------------------------------------------------------------------------------------------------------------------------------
slack (MET)                                                                                                                                   1.200


#Path 25
Startpoint: pulse.inpad[0] (.input clocked by clk)
Endpoint  : out[8].D[0] (.latch clocked by clk)
Path Type : hold

Point                                                                                                                                Incr      Path
---------------------------------------------------------------------------------------------------------------------------------------------------
clock clk (rise edge)                                                                                                               0.000     0.000
clock source latency                                                                                                                0.000     0.000
input external delay                                                                                                                0.000     0.000
pulse.inpad[0] (.input)                                                                                                             0.000     0.000
$abc$449$add$/workspace/prga_physical/prga/examples/app/8bitadd/src/adder.v:17$260.CARRY[0].b[0] (m_adder)                          0.200     0.200
$abc$449$add$/workspace/prga_physical/prga/examples/app/8bitadd/src/adder.v:17$260.CARRY[0].cout[0] (m_adder)                       0.100     0.300
$abc$449$add$/workspace/prga_physical/prga/examples/app/8bitadd/src/adder.v:17$260.CARRY[1].cin[0] (m_adder)                        0.000     0.300
$abc$449$add$/workspace/prga_physical/prga/examples/app/8bitadd/src/adder.v:17$260.CARRY[1].cout[0] (m_adder)                       0.100     0.400
$abc$449$add$/workspace/prga_physical/prga/examples/app/8bitadd/src/adder.v:17$260.CARRY[2].cin[0] (m_adder)                        0.100     0.500
$abc$449$add$/workspace/prga_physical/prga/examples/app/8bitadd/src/adder.v:17$260.CARRY[2].cout[0] (m_adder)                       0.100     0.600
$abc$449$add$/workspace/prga_physical/prga/examples/app/8bitadd/src/adder.v:17$260.CARRY[3].cin[0] (m_adder)                        0.000     0.600
$abc$449$add$/workspace/prga_physical/prga/examples/app/8bitadd/src/adder.v:17$260.CARRY[3].cout[0] (m_adder)                       0.100     0.700
$abc$449$add$/workspace/prga_physical/prga/examples/app/8bitadd/src/adder.v:17$260.CARRY[4].cin[0] (m_adder)                        0.100     0.800
$abc$449$add$/workspace/prga_physical/prga/examples/app/8bitadd/src/adder.v:17$260.CARRY[4].cout[0] (m_adder)                       0.100     0.900
$abc$449$add$/workspace/prga_physical/prga/examples/app/8bitadd/src/adder.v:17$260.CARRY[5].cin[0] (m_adder)                        0.000     0.900
$abc$449$add$/workspace/prga_physical/prga/examples/app/8bitadd/src/adder.v:17$260.CARRY[5].cout[0] (m_adder)                       0.100     1.000
$abc$449$add$/workspace/prga_physical/prga/examples/app/8bitadd/src/adder.v:17$260.CARRY[6].cin[0] (m_adder)                        0.100     1.100
$abc$449$add$/workspace/prga_physical/prga/examples/app/8bitadd/src/adder.v:17$260.CARRY[6].cout[0] (m_adder)                       0.100     1.200
$abc$449$add$/workspace/prga_physical/prga/examples/app/8bitadd/src/adder.v:17$260.CARRY[7].cin[0] (m_adder)                        0.000     1.200
$abc$449$add$/workspace/prga_physical/prga/examples/app/8bitadd/src/adder.v:17$260.CARRY[7].cout[0] (m_adder)                       0.100     1.300
$abc$449$add$/workspace/prga_physical/prga/examples/app/8bitadd/src/adder.v:17$260.CARRY[8].cin[0] (m_adder)                        0.100     1.400
$abc$449$add$/workspace/prga_physical/prga/examples/app/8bitadd/src/adder.v:17$260.CARRY[8].s[0] (m_adder)                          0.100     1.500
out[8].D[0] (.latch)                                                                                                                0.000     1.500
data arrival time                                                                                                                             1.500

clock clk (rise edge)                                                                                                               0.000     0.000
clock source latency                                                                                                                0.000     0.000
clk.inpad[0] (.input)                                                                                                               0.000     0.000
out[8].clk[0] (.latch)                                                                                                              0.000     0.000
clock uncertainty                                                                                                                   0.000     0.000
cell hold time                                                                                                                      0.100     0.100
data required time                                                                                                                            0.100
---------------------------------------------------------------------------------------------------------------------------------------------------
data required time                                                                                                                           -0.100
data arrival time                                                                                                                             1.500
---------------------------------------------------------------------------------------------------------------------------------------------------
slack (MET)                                                                                                                                   1.400


#Path 26
Startpoint: pulse.inpad[0] (.input clocked by clk)
Endpoint  : out[9].D[0] (.latch clocked by clk)
Path Type : hold

Point                                                                                                                                Incr      Path
---------------------------------------------------------------------------------------------------------------------------------------------------
clock clk (rise edge)                                                                                                               0.000     0.000
clock source latency                                                                                                                0.000     0.000
input external delay                                                                                                                0.000     0.000
pulse.inpad[0] (.input)                                                                                                             0.000     0.000
$abc$449$add$/workspace/prga_physical/prga/examples/app/8bitadd/src/adder.v:17$260.CARRY[0].b[0] (m_adder)                          0.200     0.200
$abc$449$add$/workspace/prga_physical/prga/examples/app/8bitadd/src/adder.v:17$260.CARRY[0].cout[0] (m_adder)                       0.100     0.300
$abc$449$add$/workspace/prga_physical/prga/examples/app/8bitadd/src/adder.v:17$260.CARRY[1].cin[0] (m_adder)                        0.000     0.300
$abc$449$add$/workspace/prga_physical/prga/examples/app/8bitadd/src/adder.v:17$260.CARRY[1].cout[0] (m_adder)                       0.100     0.400
$abc$449$add$/workspace/prga_physical/prga/examples/app/8bitadd/src/adder.v:17$260.CARRY[2].cin[0] (m_adder)                        0.100     0.500
$abc$449$add$/workspace/prga_physical/prga/examples/app/8bitadd/src/adder.v:17$260.CARRY[2].cout[0] (m_adder)                       0.100     0.600
$abc$449$add$/workspace/prga_physical/prga/examples/app/8bitadd/src/adder.v:17$260.CARRY[3].cin[0] (m_adder)                        0.000     0.600
$abc$449$add$/workspace/prga_physical/prga/examples/app/8bitadd/src/adder.v:17$260.CARRY[3].cout[0] (m_adder)                       0.100     0.700
$abc$449$add$/workspace/prga_physical/prga/examples/app/8bitadd/src/adder.v:17$260.CARRY[4].cin[0] (m_adder)                        0.100     0.800
$abc$449$add$/workspace/prga_physical/prga/examples/app/8bitadd/src/adder.v:17$260.CARRY[4].cout[0] (m_adder)                       0.100     0.900
$abc$449$add$/workspace/prga_physical/prga/examples/app/8bitadd/src/adder.v:17$260.CARRY[5].cin[0] (m_adder)                        0.000     0.900
$abc$449$add$/workspace/prga_physical/prga/examples/app/8bitadd/src/adder.v:17$260.CARRY[5].cout[0] (m_adder)                       0.100     1.000
$abc$449$add$/workspace/prga_physical/prga/examples/app/8bitadd/src/adder.v:17$260.CARRY[6].cin[0] (m_adder)                        0.100     1.100
$abc$449$add$/workspace/prga_physical/prga/examples/app/8bitadd/src/adder.v:17$260.CARRY[6].cout[0] (m_adder)                       0.100     1.200
$abc$449$add$/workspace/prga_physical/prga/examples/app/8bitadd/src/adder.v:17$260.CARRY[7].cin[0] (m_adder)                        0.000     1.200
$abc$449$add$/workspace/prga_physical/prga/examples/app/8bitadd/src/adder.v:17$260.CARRY[7].cout[0] (m_adder)                       0.100     1.300
$abc$449$add$/workspace/prga_physical/prga/examples/app/8bitadd/src/adder.v:17$260.CARRY[8].cin[0] (m_adder)                        0.100     1.400
$abc$449$add$/workspace/prga_physical/prga/examples/app/8bitadd/src/adder.v:17$260.CARRY[8].cout[0] (m_adder)                       0.100     1.500
$abc$449$add$/workspace/prga_physical/prga/examples/app/8bitadd/src/adder.v:17$260.CARRY[9].cin[0] (m_adder)                        0.000     1.500
$abc$449$add$/workspace/prga_physical/prga/examples/app/8bitadd/src/adder.v:17$260.CARRY[9].s[0] (m_adder)                          0.100     1.600
out[9].D[0] (.latch)                                                                                                                0.000     1.600
data arrival time                                                                                                                             1.600

clock clk (rise edge)                                                                                                               0.000     0.000
clock source latency                                                                                                                0.000     0.000
clk.inpad[0] (.input)                                                                                                               0.000     0.000
out[9].clk[0] (.latch)                                                                                                              0.000     0.000
clock uncertainty                                                                                                                   0.000     0.000
cell hold time                                                                                                                      0.100     0.100
data required time                                                                                                                            0.100
---------------------------------------------------------------------------------------------------------------------------------------------------
data required time                                                                                                                           -0.100
data arrival time                                                                                                                             1.600
---------------------------------------------------------------------------------------------------------------------------------------------------
slack (MET)                                                                                                                                   1.500


#Path 27
Startpoint: pulse.inpad[0] (.input clocked by clk)
Endpoint  : out[10].D[0] (.latch clocked by clk)
Path Type : hold

Point                                                                                                                                Incr      Path
---------------------------------------------------------------------------------------------------------------------------------------------------
clock clk (rise edge)                                                                                                               0.000     0.000
clock source latency                                                                                                                0.000     0.000
input external delay                                                                                                                0.000     0.000
pulse.inpad[0] (.input)                                                                                                             0.000     0.000
$abc$449$add$/workspace/prga_physical/prga/examples/app/8bitadd/src/adder.v:17$260.CARRY[0].b[0] (m_adder)                          0.200     0.200
$abc$449$add$/workspace/prga_physical/prga/examples/app/8bitadd/src/adder.v:17$260.CARRY[0].cout[0] (m_adder)                       0.100     0.300
$abc$449$add$/workspace/prga_physical/prga/examples/app/8bitadd/src/adder.v:17$260.CARRY[1].cin[0] (m_adder)                        0.000     0.300
$abc$449$add$/workspace/prga_physical/prga/examples/app/8bitadd/src/adder.v:17$260.CARRY[1].cout[0] (m_adder)                       0.100     0.400
$abc$449$add$/workspace/prga_physical/prga/examples/app/8bitadd/src/adder.v:17$260.CARRY[2].cin[0] (m_adder)                        0.100     0.500
$abc$449$add$/workspace/prga_physical/prga/examples/app/8bitadd/src/adder.v:17$260.CARRY[2].cout[0] (m_adder)                       0.100     0.600
$abc$449$add$/workspace/prga_physical/prga/examples/app/8bitadd/src/adder.v:17$260.CARRY[3].cin[0] (m_adder)                        0.000     0.600
$abc$449$add$/workspace/prga_physical/prga/examples/app/8bitadd/src/adder.v:17$260.CARRY[3].cout[0] (m_adder)                       0.100     0.700
$abc$449$add$/workspace/prga_physical/prga/examples/app/8bitadd/src/adder.v:17$260.CARRY[4].cin[0] (m_adder)                        0.100     0.800
$abc$449$add$/workspace/prga_physical/prga/examples/app/8bitadd/src/adder.v:17$260.CARRY[4].cout[0] (m_adder)                       0.100     0.900
$abc$449$add$/workspace/prga_physical/prga/examples/app/8bitadd/src/adder.v:17$260.CARRY[5].cin[0] (m_adder)                        0.000     0.900
$abc$449$add$/workspace/prga_physical/prga/examples/app/8bitadd/src/adder.v:17$260.CARRY[5].cout[0] (m_adder)                       0.100     1.000
$abc$449$add$/workspace/prga_physical/prga/examples/app/8bitadd/src/adder.v:17$260.CARRY[6].cin[0] (m_adder)                        0.100     1.100
$abc$449$add$/workspace/prga_physical/prga/examples/app/8bitadd/src/adder.v:17$260.CARRY[6].cout[0] (m_adder)                       0.100     1.200
$abc$449$add$/workspace/prga_physical/prga/examples/app/8bitadd/src/adder.v:17$260.CARRY[7].cin[0] (m_adder)                        0.000     1.200
$abc$449$add$/workspace/prga_physical/prga/examples/app/8bitadd/src/adder.v:17$260.CARRY[7].cout[0] (m_adder)                       0.100     1.300
$abc$449$add$/workspace/prga_physical/prga/examples/app/8bitadd/src/adder.v:17$260.CARRY[8].cin[0] (m_adder)                        0.100     1.400
$abc$449$add$/workspace/prga_physical/prga/examples/app/8bitadd/src/adder.v:17$260.CARRY[8].cout[0] (m_adder)                       0.100     1.500
$abc$449$add$/workspace/prga_physical/prga/examples/app/8bitadd/src/adder.v:17$260.CARRY[9].cin[0] (m_adder)                        0.000     1.500
$abc$449$add$/workspace/prga_physical/prga/examples/app/8bitadd/src/adder.v:17$260.CARRY[9].cout[0] (m_adder)                       0.100     1.600
$abc$449$add$/workspace/prga_physical/prga/examples/app/8bitadd/src/adder.v:17$260.CARRY[10].cin[0] (m_adder)                       0.100     1.700
$abc$449$add$/workspace/prga_physical/prga/examples/app/8bitadd/src/adder.v:17$260.CARRY[10].s[0] (m_adder)                         0.100     1.800
out[10].D[0] (.latch)                                                                                                               0.000     1.800
data arrival time                                                                                                                             1.800

clock clk (rise edge)                                                                                                               0.000     0.000
clock source latency                                                                                                                0.000     0.000
clk.inpad[0] (.input)                                                                                                               0.000     0.000
out[10].clk[0] (.latch)                                                                                                             0.000     0.000
clock uncertainty                                                                                                                   0.000     0.000
cell hold time                                                                                                                      0.100     0.100
data required time                                                                                                                            0.100
---------------------------------------------------------------------------------------------------------------------------------------------------
data required time                                                                                                                           -0.100
data arrival time                                                                                                                             1.800
---------------------------------------------------------------------------------------------------------------------------------------------------
slack (MET)                                                                                                                                   1.700


#Path 28
Startpoint: pulse.inpad[0] (.input clocked by clk)
Endpoint  : out[11].D[0] (.latch clocked by clk)
Path Type : hold

Point                                                                                                                                 Incr      Path
----------------------------------------------------------------------------------------------------------------------------------------------------
clock clk (rise edge)                                                                                                                0.000     0.000
clock source latency                                                                                                                 0.000     0.000
input external delay                                                                                                                 0.000     0.000
pulse.inpad[0] (.input)                                                                                                              0.000     0.000
$abc$449$add$/workspace/prga_physical/prga/examples/app/8bitadd/src/adder.v:17$260.CARRY[0].b[0] (m_adder)                           0.200     0.200
$abc$449$add$/workspace/prga_physical/prga/examples/app/8bitadd/src/adder.v:17$260.CARRY[0].cout[0] (m_adder)                        0.100     0.300
$abc$449$add$/workspace/prga_physical/prga/examples/app/8bitadd/src/adder.v:17$260.CARRY[1].cin[0] (m_adder)                         0.000     0.300
$abc$449$add$/workspace/prga_physical/prga/examples/app/8bitadd/src/adder.v:17$260.CARRY[1].cout[0] (m_adder)                        0.100     0.400
$abc$449$add$/workspace/prga_physical/prga/examples/app/8bitadd/src/adder.v:17$260.CARRY[2].cin[0] (m_adder)                         0.100     0.500
$abc$449$add$/workspace/prga_physical/prga/examples/app/8bitadd/src/adder.v:17$260.CARRY[2].cout[0] (m_adder)                        0.100     0.600
$abc$449$add$/workspace/prga_physical/prga/examples/app/8bitadd/src/adder.v:17$260.CARRY[3].cin[0] (m_adder)                         0.000     0.600
$abc$449$add$/workspace/prga_physical/prga/examples/app/8bitadd/src/adder.v:17$260.CARRY[3].cout[0] (m_adder)                        0.100     0.700
$abc$449$add$/workspace/prga_physical/prga/examples/app/8bitadd/src/adder.v:17$260.CARRY[4].cin[0] (m_adder)                         0.100     0.800
$abc$449$add$/workspace/prga_physical/prga/examples/app/8bitadd/src/adder.v:17$260.CARRY[4].cout[0] (m_adder)                        0.100     0.900
$abc$449$add$/workspace/prga_physical/prga/examples/app/8bitadd/src/adder.v:17$260.CARRY[5].cin[0] (m_adder)                         0.000     0.900
$abc$449$add$/workspace/prga_physical/prga/examples/app/8bitadd/src/adder.v:17$260.CARRY[5].cout[0] (m_adder)                        0.100     1.000
$abc$449$add$/workspace/prga_physical/prga/examples/app/8bitadd/src/adder.v:17$260.CARRY[6].cin[0] (m_adder)                         0.100     1.100
$abc$449$add$/workspace/prga_physical/prga/examples/app/8bitadd/src/adder.v:17$260.CARRY[6].cout[0] (m_adder)                        0.100     1.200
$abc$449$add$/workspace/prga_physical/prga/examples/app/8bitadd/src/adder.v:17$260.CARRY[7].cin[0] (m_adder)                         0.000     1.200
$abc$449$add$/workspace/prga_physical/prga/examples/app/8bitadd/src/adder.v:17$260.CARRY[7].cout[0] (m_adder)                        0.100     1.300
$abc$449$add$/workspace/prga_physical/prga/examples/app/8bitadd/src/adder.v:17$260.CARRY[8].cin[0] (m_adder)                         0.100     1.400
$abc$449$add$/workspace/prga_physical/prga/examples/app/8bitadd/src/adder.v:17$260.CARRY[8].cout[0] (m_adder)                        0.100     1.500
$abc$449$add$/workspace/prga_physical/prga/examples/app/8bitadd/src/adder.v:17$260.CARRY[9].cin[0] (m_adder)                         0.000     1.500
$abc$449$add$/workspace/prga_physical/prga/examples/app/8bitadd/src/adder.v:17$260.CARRY[9].cout[0] (m_adder)                        0.100     1.600
$abc$449$add$/workspace/prga_physical/prga/examples/app/8bitadd/src/adder.v:17$260.CARRY[10].cin[0] (m_adder)                        0.100     1.700
$abc$449$add$/workspace/prga_physical/prga/examples/app/8bitadd/src/adder.v:17$260.CARRY[10].cout[0] (m_adder)                       0.100     1.800
$abc$449$add$/workspace/prga_physical/prga/examples/app/8bitadd/src/adder.v:17$260.CARRY[11].cin[0] (m_adder)                        0.000     1.800
$abc$449$add$/workspace/prga_physical/prga/examples/app/8bitadd/src/adder.v:17$260.CARRY[11].s[0] (m_adder)                          0.100     1.900
out[11].D[0] (.latch)                                                                                                                0.000     1.900
data arrival time                                                                                                                              1.900

clock clk (rise edge)                                                                                                                0.000     0.000
clock source latency                                                                                                                 0.000     0.000
clk.inpad[0] (.input)                                                                                                                0.000     0.000
out[11].clk[0] (.latch)                                                                                                              0.000     0.000
clock uncertainty                                                                                                                    0.000     0.000
cell hold time                                                                                                                       0.100     0.100
data required time                                                                                                                             0.100
----------------------------------------------------------------------------------------------------------------------------------------------------
data required time                                                                                                                            -0.100
data arrival time                                                                                                                              1.900
----------------------------------------------------------------------------------------------------------------------------------------------------
slack (MET)                                                                                                                                    1.800


#Path 29
Startpoint: pulse.inpad[0] (.input clocked by clk)
Endpoint  : out[12].D[0] (.latch clocked by clk)
Path Type : hold

Point                                                                                                                                 Incr      Path
----------------------------------------------------------------------------------------------------------------------------------------------------
clock clk (rise edge)                                                                                                                0.000     0.000
clock source latency                                                                                                                 0.000     0.000
input external delay                                                                                                                 0.000     0.000
pulse.inpad[0] (.input)                                                                                                              0.000     0.000
$abc$449$add$/workspace/prga_physical/prga/examples/app/8bitadd/src/adder.v:17$260.CARRY[0].b[0] (m_adder)                           0.200     0.200
$abc$449$add$/workspace/prga_physical/prga/examples/app/8bitadd/src/adder.v:17$260.CARRY[0].cout[0] (m_adder)                        0.100     0.300
$abc$449$add$/workspace/prga_physical/prga/examples/app/8bitadd/src/adder.v:17$260.CARRY[1].cin[0] (m_adder)                         0.000     0.300
$abc$449$add$/workspace/prga_physical/prga/examples/app/8bitadd/src/adder.v:17$260.CARRY[1].cout[0] (m_adder)                        0.100     0.400
$abc$449$add$/workspace/prga_physical/prga/examples/app/8bitadd/src/adder.v:17$260.CARRY[2].cin[0] (m_adder)                         0.100     0.500
$abc$449$add$/workspace/prga_physical/prga/examples/app/8bitadd/src/adder.v:17$260.CARRY[2].cout[0] (m_adder)                        0.100     0.600
$abc$449$add$/workspace/prga_physical/prga/examples/app/8bitadd/src/adder.v:17$260.CARRY[3].cin[0] (m_adder)                         0.000     0.600
$abc$449$add$/workspace/prga_physical/prga/examples/app/8bitadd/src/adder.v:17$260.CARRY[3].cout[0] (m_adder)                        0.100     0.700
$abc$449$add$/workspace/prga_physical/prga/examples/app/8bitadd/src/adder.v:17$260.CARRY[4].cin[0] (m_adder)                         0.100     0.800
$abc$449$add$/workspace/prga_physical/prga/examples/app/8bitadd/src/adder.v:17$260.CARRY[4].cout[0] (m_adder)                        0.100     0.900
$abc$449$add$/workspace/prga_physical/prga/examples/app/8bitadd/src/adder.v:17$260.CARRY[5].cin[0] (m_adder)                         0.000     0.900
$abc$449$add$/workspace/prga_physical/prga/examples/app/8bitadd/src/adder.v:17$260.CARRY[5].cout[0] (m_adder)                        0.100     1.000
$abc$449$add$/workspace/prga_physical/prga/examples/app/8bitadd/src/adder.v:17$260.CARRY[6].cin[0] (m_adder)                         0.100     1.100
$abc$449$add$/workspace/prga_physical/prga/examples/app/8bitadd/src/adder.v:17$260.CARRY[6].cout[0] (m_adder)                        0.100     1.200
$abc$449$add$/workspace/prga_physical/prga/examples/app/8bitadd/src/adder.v:17$260.CARRY[7].cin[0] (m_adder)                         0.000     1.200
$abc$449$add$/workspace/prga_physical/prga/examples/app/8bitadd/src/adder.v:17$260.CARRY[7].cout[0] (m_adder)                        0.100     1.300
$abc$449$add$/workspace/prga_physical/prga/examples/app/8bitadd/src/adder.v:17$260.CARRY[8].cin[0] (m_adder)                         0.100     1.400
$abc$449$add$/workspace/prga_physical/prga/examples/app/8bitadd/src/adder.v:17$260.CARRY[8].cout[0] (m_adder)                        0.100     1.500
$abc$449$add$/workspace/prga_physical/prga/examples/app/8bitadd/src/adder.v:17$260.CARRY[9].cin[0] (m_adder)                         0.000     1.500
$abc$449$add$/workspace/prga_physical/prga/examples/app/8bitadd/src/adder.v:17$260.CARRY[9].cout[0] (m_adder)                        0.100     1.600
$abc$449$add$/workspace/prga_physical/prga/examples/app/8bitadd/src/adder.v:17$260.CARRY[10].cin[0] (m_adder)                        0.100     1.700
$abc$449$add$/workspace/prga_physical/prga/examples/app/8bitadd/src/adder.v:17$260.CARRY[10].cout[0] (m_adder)                       0.100     1.800
$abc$449$add$/workspace/prga_physical/prga/examples/app/8bitadd/src/adder.v:17$260.CARRY[11].cin[0] (m_adder)                        0.000     1.800
$abc$449$add$/workspace/prga_physical/prga/examples/app/8bitadd/src/adder.v:17$260.CARRY[11].cout[0] (m_adder)                       0.100     1.900
$abc$449$add$/workspace/prga_physical/prga/examples/app/8bitadd/src/adder.v:17$260.CARRY[12].cin[0] (m_adder)                        0.100     2.000
$abc$449$add$/workspace/prga_physical/prga/examples/app/8bitadd/src/adder.v:17$260.CARRY[12].s[0] (m_adder)                          0.100     2.100
out[12].D[0] (.latch)                                                                                                                0.000     2.100
data arrival time                                                                                                                              2.100

clock clk (rise edge)                                                                                                                0.000     0.000
clock source latency                                                                                                                 0.000     0.000
clk.inpad[0] (.input)                                                                                                                0.000     0.000
out[12].clk[0] (.latch)                                                                                                              0.000     0.000
clock uncertainty                                                                                                                    0.000     0.000
cell hold time                                                                                                                       0.100     0.100
data required time                                                                                                                             0.100
----------------------------------------------------------------------------------------------------------------------------------------------------
data required time                                                                                                                            -0.100
data arrival time                                                                                                                              2.100
----------------------------------------------------------------------------------------------------------------------------------------------------
slack (MET)                                                                                                                                    2.000


#Path 30
Startpoint: pulse.inpad[0] (.input clocked by clk)
Endpoint  : out[13].D[0] (.latch clocked by clk)
Path Type : hold

Point                                                                                                                                 Incr      Path
----------------------------------------------------------------------------------------------------------------------------------------------------
clock clk (rise edge)                                                                                                                0.000     0.000
clock source latency                                                                                                                 0.000     0.000
input external delay                                                                                                                 0.000     0.000
pulse.inpad[0] (.input)                                                                                                              0.000     0.000
$abc$449$add$/workspace/prga_physical/prga/examples/app/8bitadd/src/adder.v:17$260.CARRY[0].b[0] (m_adder)                           0.200     0.200
$abc$449$add$/workspace/prga_physical/prga/examples/app/8bitadd/src/adder.v:17$260.CARRY[0].cout[0] (m_adder)                        0.100     0.300
$abc$449$add$/workspace/prga_physical/prga/examples/app/8bitadd/src/adder.v:17$260.CARRY[1].cin[0] (m_adder)                         0.000     0.300
$abc$449$add$/workspace/prga_physical/prga/examples/app/8bitadd/src/adder.v:17$260.CARRY[1].cout[0] (m_adder)                        0.100     0.400
$abc$449$add$/workspace/prga_physical/prga/examples/app/8bitadd/src/adder.v:17$260.CARRY[2].cin[0] (m_adder)                         0.100     0.500
$abc$449$add$/workspace/prga_physical/prga/examples/app/8bitadd/src/adder.v:17$260.CARRY[2].cout[0] (m_adder)                        0.100     0.600
$abc$449$add$/workspace/prga_physical/prga/examples/app/8bitadd/src/adder.v:17$260.CARRY[3].cin[0] (m_adder)                         0.000     0.600
$abc$449$add$/workspace/prga_physical/prga/examples/app/8bitadd/src/adder.v:17$260.CARRY[3].cout[0] (m_adder)                        0.100     0.700
$abc$449$add$/workspace/prga_physical/prga/examples/app/8bitadd/src/adder.v:17$260.CARRY[4].cin[0] (m_adder)                         0.100     0.800
$abc$449$add$/workspace/prga_physical/prga/examples/app/8bitadd/src/adder.v:17$260.CARRY[4].cout[0] (m_adder)                        0.100     0.900
$abc$449$add$/workspace/prga_physical/prga/examples/app/8bitadd/src/adder.v:17$260.CARRY[5].cin[0] (m_adder)                         0.000     0.900
$abc$449$add$/workspace/prga_physical/prga/examples/app/8bitadd/src/adder.v:17$260.CARRY[5].cout[0] (m_adder)                        0.100     1.000
$abc$449$add$/workspace/prga_physical/prga/examples/app/8bitadd/src/adder.v:17$260.CARRY[6].cin[0] (m_adder)                         0.100     1.100
$abc$449$add$/workspace/prga_physical/prga/examples/app/8bitadd/src/adder.v:17$260.CARRY[6].cout[0] (m_adder)                        0.100     1.200
$abc$449$add$/workspace/prga_physical/prga/examples/app/8bitadd/src/adder.v:17$260.CARRY[7].cin[0] (m_adder)                         0.000     1.200
$abc$449$add$/workspace/prga_physical/prga/examples/app/8bitadd/src/adder.v:17$260.CARRY[7].cout[0] (m_adder)                        0.100     1.300
$abc$449$add$/workspace/prga_physical/prga/examples/app/8bitadd/src/adder.v:17$260.CARRY[8].cin[0] (m_adder)                         0.100     1.400
$abc$449$add$/workspace/prga_physical/prga/examples/app/8bitadd/src/adder.v:17$260.CARRY[8].cout[0] (m_adder)                        0.100     1.500
$abc$449$add$/workspace/prga_physical/prga/examples/app/8bitadd/src/adder.v:17$260.CARRY[9].cin[0] (m_adder)                         0.000     1.500
$abc$449$add$/workspace/prga_physical/prga/examples/app/8bitadd/src/adder.v:17$260.CARRY[9].cout[0] (m_adder)                        0.100     1.600
$abc$449$add$/workspace/prga_physical/prga/examples/app/8bitadd/src/adder.v:17$260.CARRY[10].cin[0] (m_adder)                        0.100     1.700
$abc$449$add$/workspace/prga_physical/prga/examples/app/8bitadd/src/adder.v:17$260.CARRY[10].cout[0] (m_adder)                       0.100     1.800
$abc$449$add$/workspace/prga_physical/prga/examples/app/8bitadd/src/adder.v:17$260.CARRY[11].cin[0] (m_adder)                        0.000     1.800
$abc$449$add$/workspace/prga_physical/prga/examples/app/8bitadd/src/adder.v:17$260.CARRY[11].cout[0] (m_adder)                       0.100     1.900
$abc$449$add$/workspace/prga_physical/prga/examples/app/8bitadd/src/adder.v:17$260.CARRY[12].cin[0] (m_adder)                        0.100     2.000
$abc$449$add$/workspace/prga_physical/prga/examples/app/8bitadd/src/adder.v:17$260.CARRY[12].cout[0] (m_adder)                       0.100     2.100
$abc$449$add$/workspace/prga_physical/prga/examples/app/8bitadd/src/adder.v:17$260.CARRY[13].cin[0] (m_adder)                        0.000     2.100
$abc$449$add$/workspace/prga_physical/prga/examples/app/8bitadd/src/adder.v:17$260.CARRY[13].s[0] (m_adder)                          0.100     2.200
out[13].D[0] (.latch)                                                                                                                0.000     2.200
data arrival time                                                                                                                              2.200

clock clk (rise edge)                                                                                                                0.000     0.000
clock source latency                                                                                                                 0.000     0.000
clk.inpad[0] (.input)                                                                                                                0.000     0.000
out[13].clk[0] (.latch)                                                                                                              0.000     0.000
clock uncertainty                                                                                                                    0.000     0.000
cell hold time                                                                                                                       0.100     0.100
data required time                                                                                                                             0.100
----------------------------------------------------------------------------------------------------------------------------------------------------
data required time                                                                                                                            -0.100
data arrival time                                                                                                                              2.200
----------------------------------------------------------------------------------------------------------------------------------------------------
slack (MET)                                                                                                                                    2.100


#Path 31
Startpoint: pulse.inpad[0] (.input clocked by clk)
Endpoint  : out[14].D[0] (.latch clocked by clk)
Path Type : hold

Point                                                                                                                                 Incr      Path
----------------------------------------------------------------------------------------------------------------------------------------------------
clock clk (rise edge)                                                                                                                0.000     0.000
clock source latency                                                                                                                 0.000     0.000
input external delay                                                                                                                 0.000     0.000
pulse.inpad[0] (.input)                                                                                                              0.000     0.000
$abc$449$add$/workspace/prga_physical/prga/examples/app/8bitadd/src/adder.v:17$260.CARRY[0].b[0] (m_adder)                           0.200     0.200
$abc$449$add$/workspace/prga_physical/prga/examples/app/8bitadd/src/adder.v:17$260.CARRY[0].cout[0] (m_adder)                        0.100     0.300
$abc$449$add$/workspace/prga_physical/prga/examples/app/8bitadd/src/adder.v:17$260.CARRY[1].cin[0] (m_adder)                         0.000     0.300
$abc$449$add$/workspace/prga_physical/prga/examples/app/8bitadd/src/adder.v:17$260.CARRY[1].cout[0] (m_adder)                        0.100     0.400
$abc$449$add$/workspace/prga_physical/prga/examples/app/8bitadd/src/adder.v:17$260.CARRY[2].cin[0] (m_adder)                         0.100     0.500
$abc$449$add$/workspace/prga_physical/prga/examples/app/8bitadd/src/adder.v:17$260.CARRY[2].cout[0] (m_adder)                        0.100     0.600
$abc$449$add$/workspace/prga_physical/prga/examples/app/8bitadd/src/adder.v:17$260.CARRY[3].cin[0] (m_adder)                         0.000     0.600
$abc$449$add$/workspace/prga_physical/prga/examples/app/8bitadd/src/adder.v:17$260.CARRY[3].cout[0] (m_adder)                        0.100     0.700
$abc$449$add$/workspace/prga_physical/prga/examples/app/8bitadd/src/adder.v:17$260.CARRY[4].cin[0] (m_adder)                         0.100     0.800
$abc$449$add$/workspace/prga_physical/prga/examples/app/8bitadd/src/adder.v:17$260.CARRY[4].cout[0] (m_adder)                        0.100     0.900
$abc$449$add$/workspace/prga_physical/prga/examples/app/8bitadd/src/adder.v:17$260.CARRY[5].cin[0] (m_adder)                         0.000     0.900
$abc$449$add$/workspace/prga_physical/prga/examples/app/8bitadd/src/adder.v:17$260.CARRY[5].cout[0] (m_adder)                        0.100     1.000
$abc$449$add$/workspace/prga_physical/prga/examples/app/8bitadd/src/adder.v:17$260.CARRY[6].cin[0] (m_adder)                         0.100     1.100
$abc$449$add$/workspace/prga_physical/prga/examples/app/8bitadd/src/adder.v:17$260.CARRY[6].cout[0] (m_adder)                        0.100     1.200
$abc$449$add$/workspace/prga_physical/prga/examples/app/8bitadd/src/adder.v:17$260.CARRY[7].cin[0] (m_adder)                         0.000     1.200
$abc$449$add$/workspace/prga_physical/prga/examples/app/8bitadd/src/adder.v:17$260.CARRY[7].cout[0] (m_adder)                        0.100     1.300
$abc$449$add$/workspace/prga_physical/prga/examples/app/8bitadd/src/adder.v:17$260.CARRY[8].cin[0] (m_adder)                         0.100     1.400
$abc$449$add$/workspace/prga_physical/prga/examples/app/8bitadd/src/adder.v:17$260.CARRY[8].cout[0] (m_adder)                        0.100     1.500
$abc$449$add$/workspace/prga_physical/prga/examples/app/8bitadd/src/adder.v:17$260.CARRY[9].cin[0] (m_adder)                         0.000     1.500
$abc$449$add$/workspace/prga_physical/prga/examples/app/8bitadd/src/adder.v:17$260.CARRY[9].cout[0] (m_adder)                        0.100     1.600
$abc$449$add$/workspace/prga_physical/prga/examples/app/8bitadd/src/adder.v:17$260.CARRY[10].cin[0] (m_adder)                        0.100     1.700
$abc$449$add$/workspace/prga_physical/prga/examples/app/8bitadd/src/adder.v:17$260.CARRY[10].cout[0] (m_adder)                       0.100     1.800
$abc$449$add$/workspace/prga_physical/prga/examples/app/8bitadd/src/adder.v:17$260.CARRY[11].cin[0] (m_adder)                        0.000     1.800
$abc$449$add$/workspace/prga_physical/prga/examples/app/8bitadd/src/adder.v:17$260.CARRY[11].cout[0] (m_adder)                       0.100     1.900
$abc$449$add$/workspace/prga_physical/prga/examples/app/8bitadd/src/adder.v:17$260.CARRY[12].cin[0] (m_adder)                        0.100     2.000
$abc$449$add$/workspace/prga_physical/prga/examples/app/8bitadd/src/adder.v:17$260.CARRY[12].cout[0] (m_adder)                       0.100     2.100
$abc$449$add$/workspace/prga_physical/prga/examples/app/8bitadd/src/adder.v:17$260.CARRY[13].cin[0] (m_adder)                        0.000     2.100
$abc$449$add$/workspace/prga_physical/prga/examples/app/8bitadd/src/adder.v:17$260.CARRY[13].cout[0] (m_adder)                       0.100     2.200
$abc$449$add$/workspace/prga_physical/prga/examples/app/8bitadd/src/adder.v:17$260.CARRY[14].cin[0] (m_adder)                        0.100     2.300
$abc$449$add$/workspace/prga_physical/prga/examples/app/8bitadd/src/adder.v:17$260.CARRY[14].s[0] (m_adder)                          0.100     2.400
out[14].D[0] (.latch)                                                                                                                0.000     2.400
data arrival time                                                                                                                              2.400

clock clk (rise edge)                                                                                                                0.000     0.000
clock source latency                                                                                                                 0.000     0.000
clk.inpad[0] (.input)                                                                                                                0.000     0.000
out[14].clk[0] (.latch)                                                                                                              0.000     0.000
clock uncertainty                                                                                                                    0.000     0.000
cell hold time                                                                                                                       0.100     0.100
data required time                                                                                                                             0.100
----------------------------------------------------------------------------------------------------------------------------------------------------
data required time                                                                                                                            -0.100
data arrival time                                                                                                                              2.400
----------------------------------------------------------------------------------------------------------------------------------------------------
slack (MET)                                                                                                                                    2.300


#Path 32
Startpoint: pulse.inpad[0] (.input clocked by clk)
Endpoint  : out[15].D[0] (.latch clocked by clk)
Path Type : hold

Point                                                                                                                                 Incr      Path
----------------------------------------------------------------------------------------------------------------------------------------------------
clock clk (rise edge)                                                                                                                0.000     0.000
clock source latency                                                                                                                 0.000     0.000
input external delay                                                                                                                 0.000     0.000
pulse.inpad[0] (.input)                                                                                                              0.000     0.000
$abc$449$add$/workspace/prga_physical/prga/examples/app/8bitadd/src/adder.v:17$260.CARRY[0].b[0] (m_adder)                           0.200     0.200
$abc$449$add$/workspace/prga_physical/prga/examples/app/8bitadd/src/adder.v:17$260.CARRY[0].cout[0] (m_adder)                        0.100     0.300
$abc$449$add$/workspace/prga_physical/prga/examples/app/8bitadd/src/adder.v:17$260.CARRY[1].cin[0] (m_adder)                         0.000     0.300
$abc$449$add$/workspace/prga_physical/prga/examples/app/8bitadd/src/adder.v:17$260.CARRY[1].cout[0] (m_adder)                        0.100     0.400
$abc$449$add$/workspace/prga_physical/prga/examples/app/8bitadd/src/adder.v:17$260.CARRY[2].cin[0] (m_adder)                         0.100     0.500
$abc$449$add$/workspace/prga_physical/prga/examples/app/8bitadd/src/adder.v:17$260.CARRY[2].cout[0] (m_adder)                        0.100     0.600
$abc$449$add$/workspace/prga_physical/prga/examples/app/8bitadd/src/adder.v:17$260.CARRY[3].cin[0] (m_adder)                         0.000     0.600
$abc$449$add$/workspace/prga_physical/prga/examples/app/8bitadd/src/adder.v:17$260.CARRY[3].cout[0] (m_adder)                        0.100     0.700
$abc$449$add$/workspace/prga_physical/prga/examples/app/8bitadd/src/adder.v:17$260.CARRY[4].cin[0] (m_adder)                         0.100     0.800
$abc$449$add$/workspace/prga_physical/prga/examples/app/8bitadd/src/adder.v:17$260.CARRY[4].cout[0] (m_adder)                        0.100     0.900
$abc$449$add$/workspace/prga_physical/prga/examples/app/8bitadd/src/adder.v:17$260.CARRY[5].cin[0] (m_adder)                         0.000     0.900
$abc$449$add$/workspace/prga_physical/prga/examples/app/8bitadd/src/adder.v:17$260.CARRY[5].cout[0] (m_adder)                        0.100     1.000
$abc$449$add$/workspace/prga_physical/prga/examples/app/8bitadd/src/adder.v:17$260.CARRY[6].cin[0] (m_adder)                         0.100     1.100
$abc$449$add$/workspace/prga_physical/prga/examples/app/8bitadd/src/adder.v:17$260.CARRY[6].cout[0] (m_adder)                        0.100     1.200
$abc$449$add$/workspace/prga_physical/prga/examples/app/8bitadd/src/adder.v:17$260.CARRY[7].cin[0] (m_adder)                         0.000     1.200
$abc$449$add$/workspace/prga_physical/prga/examples/app/8bitadd/src/adder.v:17$260.CARRY[7].cout[0] (m_adder)                        0.100     1.300
$abc$449$add$/workspace/prga_physical/prga/examples/app/8bitadd/src/adder.v:17$260.CARRY[8].cin[0] (m_adder)                         0.100     1.400
$abc$449$add$/workspace/prga_physical/prga/examples/app/8bitadd/src/adder.v:17$260.CARRY[8].cout[0] (m_adder)                        0.100     1.500
$abc$449$add$/workspace/prga_physical/prga/examples/app/8bitadd/src/adder.v:17$260.CARRY[9].cin[0] (m_adder)                         0.000     1.500
$abc$449$add$/workspace/prga_physical/prga/examples/app/8bitadd/src/adder.v:17$260.CARRY[9].cout[0] (m_adder)                        0.100     1.600
$abc$449$add$/workspace/prga_physical/prga/examples/app/8bitadd/src/adder.v:17$260.CARRY[10].cin[0] (m_adder)                        0.100     1.700
$abc$449$add$/workspace/prga_physical/prga/examples/app/8bitadd/src/adder.v:17$260.CARRY[10].cout[0] (m_adder)                       0.100     1.800
$abc$449$add$/workspace/prga_physical/prga/examples/app/8bitadd/src/adder.v:17$260.CARRY[11].cin[0] (m_adder)                        0.000     1.800
$abc$449$add$/workspace/prga_physical/prga/examples/app/8bitadd/src/adder.v:17$260.CARRY[11].cout[0] (m_adder)                       0.100     1.900
$abc$449$add$/workspace/prga_physical/prga/examples/app/8bitadd/src/adder.v:17$260.CARRY[12].cin[0] (m_adder)                        0.100     2.000
$abc$449$add$/workspace/prga_physical/prga/examples/app/8bitadd/src/adder.v:17$260.CARRY[12].cout[0] (m_adder)                       0.100     2.100
$abc$449$add$/workspace/prga_physical/prga/examples/app/8bitadd/src/adder.v:17$260.CARRY[13].cin[0] (m_adder)                        0.000     2.100
$abc$449$add$/workspace/prga_physical/prga/examples/app/8bitadd/src/adder.v:17$260.CARRY[13].cout[0] (m_adder)                       0.100     2.200
$abc$449$add$/workspace/prga_physical/prga/examples/app/8bitadd/src/adder.v:17$260.CARRY[14].cin[0] (m_adder)                        0.100     2.300
$abc$449$add$/workspace/prga_physical/prga/examples/app/8bitadd/src/adder.v:17$260.CARRY[14].cout[0] (m_adder)                       0.100     2.400
$add$/workspace/prga_physical/prga/examples/app/8bitadd/src/adder.v:17$260.CARRY[15].cin[0] (m_adder)                                0.000     2.400
$add$/workspace/prga_physical/prga/examples/app/8bitadd/src/adder.v:17$260.CARRY[15].s[0] (m_adder)                                  0.100     2.500
out[15].D[0] (.latch)                                                                                                                0.000     2.500
data arrival time                                                                                                                              2.500

clock clk (rise edge)                                                                                                                0.000     0.000
clock source latency                                                                                                                 0.000     0.000
clk.inpad[0] (.input)                                                                                                                0.000     0.000
out[15].clk[0] (.latch)                                                                                                              0.000     0.000
clock uncertainty                                                                                                                    0.000     0.000
cell hold time                                                                                                                       0.100     0.100
data required time                                                                                                                             0.100
----------------------------------------------------------------------------------------------------------------------------------------------------
data required time                                                                                                                            -0.100
data arrival time                                                                                                                              2.500
----------------------------------------------------------------------------------------------------------------------------------------------------
slack (MET)                                                                                                                                    2.400


#End of timing report
